{"cameraMode":{"drawMode":0,"name":"Shaded","section":"Shading Mode"},"sceneLighting":true,"audioPlay":false,"sceneViewState":{"m_AlwaysRefresh":false,"showFog":true,"showSkybox":true,"showFlares":true,"showImageEffects":true,"showParticleSystems":true,"showVisualEffectGraphs":true,"m_FxEnabled":true},"in2DMode":false,"pivot":{"x":1.0156916379928589,"y":-5.073983192443848,"z":-5.917575836181641},"rotation":{"x":0.1715346723794937,"y":0.035458069294691089,"z":-0.006177916191518307,"w":0.9845203757286072},"size":9.826634407043457,"orthographic":false}